{
  "train": {
    "r2": 0.9260567776308083,
    "mae": 17.204584647739225,
    "rmse": 21.21019000816033
  },
  "val": {
    "r2": 0.29295964521426165,
    "mae": 48.13462962962963,
    "rmse": 62.12500874133629
  },
  "test": {
    "r2": 0.4259895148045296,
    "mae": 44.89000000000001,
    "rmse": 55.14702762439009
  }
}